id;Sector;Category;name;fed_okr;region;authority
110161;Arts;Sectoral;Белгородский государственный институт искусств и культуры;Центральный федеральный округ;Белгородская область;Муниципалитеты и субъекты РФ
17;;National Research;Белгородский государственный национальный исследовательский университет;Центральный федеральный округ;Белгородская область;Министерство науки и высшего образования Российской Федерации
16;;Federal and Flagship;Белгородский государственный технологический университет им. В.Г. Шухова;Центральный федеральный округ;Белгородская область;Министерство науки и высшего образования Российской Федерации
1675;Agricultural;Sectoral;Белгородский государственный аграрный университет имени В.Я. Горина;Центральный федеральный округ;Белгородская область;Министерство сельского хозяйства Российской Федерации
24;Technical;Sectoral;Брянский государственный инженерно-технологический университет;Центральный федеральный округ;Брянская область;Министерство науки и высшего образования Российской Федерации
25;Technical;Sectoral;Брянский государственный технический университет;Центральный федеральный округ;Брянская область;Министерство науки и высшего образования Российской Федерации
1772;Agricultural;Sectoral;Брянский государственный аграрный университет;Центральный федеральный округ;Брянская область;Министерство сельского хозяйства Российской Федерации
26;;Calssic;Брянский государственный университет имени академика И.Г. Петровского;Центральный федеральный округ;Брянская область;Министерство науки и высшего образования Российской Федерации
30;;Federal and Flagship;Владимирский государственный университет имени Александра Григорьевича и Николая Григорьевича Столетовых;Центральный федеральный округ;Владимирская область;Министерство науки и высшего образования Российской Федерации
101;Technical;Sectoral;Ковровская государственная технологическая академия имени В.А. Дегтярева;Центральный федеральный округ;Владимирская область;Министерство науки и высшего образования Российской Федерации
110169;Social Sciences and Humanities;Sectoral;Воронежский институт экономики и социального управления;Центральный федеральный округ;Воронежская область;Муниципалитеты и субъекты РФ
1650;Agricultural;Sectoral;Воронежский государственный аграрный университет имени императора Петра I;Центральный федеральный округ;Воронежская область;Министерство сельского хозяйства Российской Федерации
43;Pedagogical;Sectoral;Воронежский государственный педагогический университет;Центральный федеральный округ;Воронежская область;Министерство просвещения Российской Федерации
45;;Calssic;Воронежский государственный университет;Центральный федеральный округ;Воронежская область;Министерство науки и высшего образования Российской Федерации
1762;Sport;Sectoral;Воронежская государственная академия спорта;Центральный федеральный округ;Воронежская область;Министерство спорта Российской Федерации
1653;Arts;Sectoral;Воронежский государственный институт искусств;Центральный федеральный округ;Воронежская область;Министерство культуры Российской Федерации
40;Technical;Sectoral;Воронежский государственный лесотехнический университет имени Г.Ф. Морозова;Центральный федеральный округ;Воронежская область;Министерство науки и высшего образования Российской Федерации
1594;Medical;Sectoral;Воронежский государственный медицинский университет имени Н.Н. Бурденко Министерства здравоохранения Российской Федерации;Центральный федеральный округ;Воронежская область;Министерство здравоохранения Российской Федерации
44;;Federal and Flagship;Воронежский государственный технический университет;Центральный федеральный округ;Воронежская область;Министерство науки и высшего образования Российской Федерации
41;Technical;Sectoral;Воронежский государственный университет инженерных технологий;Центральный федеральный округ;Воронежская область;Министерство науки и высшего образования Российской Федерации
110313;Social Sciences and Humanities;Sectoral;Московский городской университет управления Правительства Москвы имени Ю.М.Лужкова;Центральный федеральный округ;г. Москва;Муниципалитеты и субъекты РФ
2183;Pedagogical;Sectoral;города Москвы Московский городской педагогический университет;Центральный федеральный округ;г. Москва;Муниципалитеты и субъекты РФ
110314;Sport;Sectoral;города Москвы Московский государственный университет спорта и туризма;Центральный федеральный округ;г. Москва;Муниципалитеты и субъекты РФ
110315;Arts;Sectoral;города Москвы Московский государственный институт музыки имени А.Г. Шнитке;Центральный федеральный округ;г. Москва;Муниципалитеты и субъекты РФ
108162;Arts;Sectoral;Московская театральная школа Олега Табакова при Государственном бюджетном учреждении культуры города Москвы Московский театр Олега Табакова;Центральный федеральный округ;г. Москва;Муниципалитеты и субъекты РФ
1593;Technical;Sectoral;Ордена Трудового Красного Знамени Московский технический университет связи и информатики;Центральный федеральный округ;г. Москва;Федеральное агентство связи
161;;National Research;Московский физико-технический институт (национальный исследовательский университет);Центральный федеральный округ;г. Москва;Министерство науки и высшего образования Российской Федерации
140;;National Research;Национальный исследовательский университет Московский институт электронной техники;Центральный федеральный округ;г. Москва;Министерство науки и высшего образования Российской Федерации
219;;National Research;Российский государственный университет нефти и газа (национальный исследовательский университет) имени И.М. Губкина;Центральный федеральный округ;г. Москва;Министерство науки и высшего образования Российской Федерации
1595;Medical;Sectoral;Российский национальный исследовательский медицинский университет имени Н.И. Пирогова Министерства здравоохранения Российской Федерации;Центральный федеральный округ;г. Москва;Министерство здравоохранения Российской Федерации
1758;Social Sciences and Humanities;Sectoral;Московский государственный институт международных отношений (университет) Министерства иностранных дел Российской Федерации;Центральный федеральный округ;г. Москва;Министерство иностранных дел Российской Федерации
120111;Technical;Sectoral;Московский политехнический университет;Центральный федеральный округ;г. Москва;Министерство науки и высшего образования Российской Федерации
59;;National Research;Национальный исследовательский технологический университет МИСиС;Центральный федеральный округ;г. Москва;Министерство науки и высшего образования Российской Федерации
1766;;National Research;Национальный исследовательский университет Высшая школа экономики;Центральный федеральный округ;г. Москва;Правительство Российской Федерации
165;;National Research;Национальный исследовательский ядерный университет МИФИ;Центральный федеральный округ;г. Москва;Министерство науки и высшего образования Российской Федерации
222;;Calssic;Российский университет дружбы народов имени Патриса Лумумбы;Центральный федеральный округ;г. Москва;Министерство науки и высшего образования Российской Федерации
1566;Trasport;Sectoral;Российский университет транспорта;Центральный федеральный округ;г. Москва;Министерство транспорта Российской Федерации
1792;Medical;Sectoral;Первый Московский государственный медицинский университет имени И.М. Сеченова Министерства здравоохранения Российской Федерации (Сеченовский Университет);Центральный федеральный округ;г. Москва;Министерство здравоохранения Российской Федерации
111029;Arts;Sectoral;Академия акварели и изящных искусств Сергея Андрияки;Центральный федеральный округ;г. Москва;Министерство культуры Российской Федерации
1810;Social Sciences and Humanities;Sectoral;Всероссийская академия внешней торговли министерства экономического развития Российской Федерации;Центральный федеральный округ;г. Москва;Министерство экономического развития Российской Федерации
1723;Arts;Sectoral;Всероссийский государственный университет кинематографии имени С.А. Герасимова;Центральный федеральный округ;г. Москва;Министерство культуры Российской Федерации
1668;Arts;Sectoral;Высшее театральное училище (институт) им.М.С.Щепкина при Государственном академическом Малом театре России;Центральный федеральный округ;г. Москва;Министерство культуры Российской Федерации
1639;Technical;Sectoral;Государственный университет по землеустройству;Центральный федеральный округ;г. Москва;Министерство сельского хозяйства Российской Федерации
60;Social Sciences and Humanities;Sectoral;Государственный университет управления;Центральный федеральный округ;г. Москва;Министерство науки и высшего образования Российской Федерации
118;Arts;Sectoral;Литературный институт имени А.М. Горького;Центральный федеральный округ;г. Москва;Министерство культуры Российской Федерации
1647;Arts;Sectoral;Московская государственная консерватория имени П.И. Чайковского;Центральный федеральный округ;г. Москва;Министерство культуры Российской Федерации
131;;National Research;Московский авиационный институт (национальный исследовательский университет);Центральный федеральный округ;г. Москва;Министерство науки и высшего образования Российской Федерации
132;Technical;Sectoral;Московский автомобильно-дорожный государственный технический университет (МАДИ);Центральный федеральный округ;г. Москва;Министерство науки и высшего образования Российской Федерации
133;Architectural;Sectoral;Московский архитектурный институт (государственная академия);Центральный федеральный округ;г. Москва;Министерство науки и высшего образования Российской Федерации
141;Social Sciences and Humanities;Sectoral;Московский государственный лингвистический университет;Центральный федеральный округ;г. Москва;Министерство науки и высшего образования Российской Федерации
2151;Pedagogical;Sectoral;Московский государственный психолого-педагогический университет;Центральный федеральный округ;г. Москва;Министерство просвещения Российской Федерации
148;Technical;Sectoral;Московский государственный технологический университет СТАНКИН;Центральный федеральный округ;г. Москва;Министерство науки и высшего образования Российской Федерации
160;Pedagogical;Sectoral;Московский педагогический государственный университет;Центральный федеральный округ;г. Москва;Министерство просвещения Российской Федерации
144;;National Research;Национальный исследовательский Московский государственный строительный университет;Центральный федеральный округ;г. Москва;Министерство науки и высшего образования Российской Федерации
1807;Arts;Sectoral;Российская академия живописи, ваяния и зодчества Ильи Глазунова;Центральный федеральный округ;г. Москва;Правительство Российской Федерации
1783;Social Sciences and Humanities;Sectoral;Российская академия народного хозяйства и государственной службы при Президенте Российской Федерации;Центральный федеральный округ;г. Москва;Правительство Российской Федерации
1716;Social Sciences and Humanities;Sectoral;Российская государственная академия интеллектуальной собственности;Центральный федеральный округ;г. Москва;Федеральная служба по интеллектуальной собственности
1644;Arts;Sectoral;Российская государственная специализированная академия искусств;Центральный федеральный округ;г. Москва;Министерство культуры Российской Федерации
1640;Agricultural;Sectoral;Российский государственный аграрный университет - МСХА имени К.А.Тимирязева;Центральный федеральный округ;г. Москва;Министерство сельского хозяйства Российской Федерации
212;Arts;Sectoral;Российский государственный гуманитарный университет;Центральный федеральный округ;г. Москва;Министерство науки и высшего образования Российской Федерации
151;;Calssic;Российский государственный университет им. А.Н. Косыгина (Технологии. Дизайн. Искусство);Центральный федеральный округ;г. Москва;Министерство науки и высшего образования Российской Федерации
1787;Sport;Sectoral;Российский университет спорта ГЦОЛИФК;Центральный федеральный округ;г. Москва;Министерство спорта Российской Федерации
223;Technical;Sectoral;Российский химико-технологический университет имени Д.И. Менделеева;Центральный федеральный округ;г. Москва;Министерство науки и высшего образования Российской Федерации
1556;Arts;Sectoral;Театральный институт имени Бориса Щукина при Государственном академическом театре имени Евгения Вахтангова;Центральный федеральный округ;г. Москва;Министерство культуры Российской Федерации
1791;Arts;Sectoral;Школа-студия (институт) имени Вл. И.Немировича-Данченко при Московском Художественном академическом театре имени А.П.Чехова;Центральный федеральный округ;г. Москва;Министерство культуры Российской Федерации
1654;Social Sciences and Humanities;Sectoral;Всеросcийский государственный университет юстиции (РПА Минюста России);Центральный федеральный округ;г. Москва;Министерство юстиции Российской Федерации
57;Arts;Sectoral;Государственный академический университет гуманитарных наук;Центральный федеральный округ;г. Москва;Министерство науки и высшего образования Российской Федерации
58;Social Sciences and Humanities;Sectoral;Государственный институт русского языка им. А.С. Пушкина;Центральный федеральный округ;г. Москва;Министерство науки и высшего образования Российской Федерации
1729;Arts;Sectoral;Государственный музыкально-педагогический институт имени М.М. Ипполитова-Иванова;Центральный федеральный округ;г. Москва;Министерство культуры Российской Федерации
1798;Social Sciences and Humanities;Sectoral;Дипломатическая академия Министерства иностранных дел Российской Федерации;Центральный федеральный округ;г. Москва;Министерство иностранных дел Российской Федерации
134;Technical;Sectoral;МИРЭА - Российский технологический университет;Центральный федеральный округ;г. Москва;Министерство науки и высшего образования Российской Федерации
1788;Agricultural;Sectoral;Московская государственная академия ветеринарной медицины и биотехнологии - МВА имени К.И. Скрябина;Центральный федеральный округ;г. Москва;Министерство сельского хозяйства Российской Федерации
1659;Arts;Sectoral;Московская государственная академия хореографии;Центральный федеральный округ;г. Москва;Министерство культуры Российской Федерации
1806;Arts;Sectoral;Московский государственный академический художественный институт имени В.И. Сурикова при Российской академии художеств (МГАХИ им. В.И. Сурикова);Центральный федеральный округ;г. Москва;Министерство культуры Российской Федерации
1610;Medical;Sectoral;Московский государственный медико-стоматологический университет имени А.И. Евдокимова Министерства здравоохранения Российской Федерации;Центральный федеральный округ;г. Москва;Министерство здравоохранения Российской Федерации
1739;Trasport;Sectoral;Московский государственный технический университет гражданской авиации (МГТУ ГА);Центральный федеральный округ;г. Москва;Федеральное агентство воздушного транспорта
147;;National Research;Московский государственный технический университет имени Н.Э.Баумана (национальный исследовательский университет);Центральный федеральный округ;г. Москва;Министерство науки и высшего образования Российской Федерации
150;Technical;Sectoral;Московский государственный университет геодезии и картографии;Центральный федеральный округ;г. Москва;Министерство науки и высшего образования Российской Федерации
1725;;Calssic;Московский государственный университет имени М.В.Ломоносова;Центральный федеральный округ;г. Москва;Правительство Российской Федерации
158;Technical;Sectoral;Московский государственный университет технологий и управления имени К.Г. Разумовского (Первый казачий университет);Центральный федеральный округ;г. Москва;Министерство науки и высшего образования Российской Федерации
130;Social Sciences and Humanities;Sectoral;Московский государственный юридический университет имени О.Е. Кутафина (МГЮА);Центральный федеральный округ;г. Москва;Министерство науки и высшего образования Российской Федерации
162;;National Research;Национальный исследовательский университет МЭИ;Центральный федеральный округ;г. Москва;Министерство науки и высшего образования Российской Федерации
1645;Arts;Sectoral;Российская академия музыки имени Гнесиных;Центральный федеральный округ;г. Москва;Министерство культуры Российской Федерации
155;Technical;Sectoral;Российский биотехнологический университет (РОСБИОТЕХ);Центральный федеральный округ;г. Москва;Министерство науки и высшего образования Российской Федерации
210;Technical;Sectoral;Российский государственный геологоразведочный университет имени Серго Орджоникидзе;Центральный федеральный округ;г. Москва;Министерство науки и высшего образования Российской Федерации
215;Social Sciences and Humanities;Sectoral;Российский государственный социальный университет;Центральный федеральный округ;г. Москва;Министерство науки и высшего образования Российской Федерации
1781;Social Sciences and Humanities;Sectoral;Российский государственный университет правосудия;Центральный федеральный округ;г. Москва;Верховный суд Российской Федерации
159;Arts;Sectoral;Российский государственный художественно-промышленный университет им. С.Г. Строганова;Центральный федеральный округ;г. Москва;Министерство науки и высшего образования Российской Федерации
1717;Arts;Sectoral;Российский институт театрального искусства – ГИТИС;Центральный федеральный округ;г. Москва;Министерство культуры Российской Федерации
209;Social Sciences and Humanities;Sectoral;Российский экономический университет имени Г.В. Плеханова;Центральный федеральный округ;г. Москва;Министерство науки и высшего образования Российской Федерации
143;Arts;Sectoral;федеральное государственное бюджетное образовательное учреждение инклюзивного высшего образования Московский государственный гуманитарно-экономический университет;Центральный федеральный округ;г. Москва;Министерство науки и высшего образования Российской Федерации
1767;Social Sciences and Humanities;Sectoral;Федеральное государственное образовательное бюджетное учреждение высшего образования Финансовый университет при Правительстве Российской Федерации;Центральный федеральный округ;г. Москва;Правительство Российской Федерации
1677;Agricultural;Sectoral;Верхневолжский государственный агробиотехнологический университет;Центральный федеральный округ;Ивановская область;Министерство науки и высшего образования Российской Федерации
76;;Calssic;Ивановский государственный университет;Центральный федеральный округ;Ивановская область;Министерство науки и высшего образования Российской Федерации
77;Technical;Sectoral;Ивановский государственный химико-технологический университет;Центральный федеральный округ;Ивановская область;Министерство науки и высшего образования Российской Федерации
1609;Medical;Sectoral;Ивановская государственная медицинская академия Министерства здравоохранения Российской Федерации;Центральный федеральный округ;Ивановская область;Министерство здравоохранения Российской Федерации
2198;Technical;Sectoral;Ивановский государственный политехнический университет;Центральный федеральный округ;Ивановская область;Министерство науки и высшего образования Российской Федерации
78;Technical;Sectoral;Ивановский государственный энергетический университет имени В.И. Ленина;Центральный федеральный округ;Ивановская область;Министерство науки и высшего образования Российской Федерации
93;;Calssic;Калужский государственный университет им. К.Э. Циолковского;Центральный федеральный округ;Калужская область;Министерство науки и высшего образования Российской Федерации
104;;Federal and Flagship;Костромской государственный университет;Центральный федеральный округ;Костромская область;Министерство науки и высшего образования Российской Федерации
1631;Agricultural;Sectoral;Костромская государственная сельскохозяйственная академия;Центральный федеральный округ;Костромская область;Министерство сельского хозяйства Российской Федерации
110288;Social Sciences and Humanities;Sectoral;Государственное образовательное автономное учреждение высшего образования Курской области Курская академия государственной и муниципальной службы;Центральный федеральный округ;Курская область;Муниципалитеты и субъекты РФ
1674;Agricultural;Sectoral;Курская государственная сельскохозяйственная академия имени И.И. Иванова;Центральный федеральный округ;Курская область;Министерство сельского хозяйства Российской Федерации
114;;Calssic;Курский государственный университет;Центральный федеральный округ;Курская область;Министерство науки и высшего образования Российской Федерации
113;;Calssic;Юго-Западный государственный университет;Центральный федеральный округ;Курская область;Министерство науки и высшего образования Российской Федерации
1786;Medical;Sectoral;Курский государственный медицинский университет Министерства здравоохранения Российской Федерации;Центральный федеральный округ;Курская область;Министерство здравоохранения Российской Федерации
116;Pedagogical;Sectoral;Липецкий государственный педагогический университет имени П.П.Семенова-Тян-Шанского;Центральный федеральный округ;Липецкая область;Министерство просвещения Российской Федерации
117;Technical;Sectoral;Липецкий государственный технический университет;Центральный федеральный округ;Липецкая область;Министерство науки и высшего образования Российской Федерации
72;;Calssic;Елецкий государственный университет им. И.А. Бунина;Центральный федеральный округ;Липецкая область;Министерство науки и высшего образования Российской Федерации
110145;Social Sciences and Humanities;Sectoral;Московской области Академия социального управления;Центральный федеральный округ;Московская область;Муниципалитеты и субъекты РФ
1569;Social Sciences and Humanities;Sectoral;Государственное казенное образовательное учреждение высшего образования Российская таможенная академия;Центральный федеральный округ;Московская область;Федеральная таможенная служба
110454;Technical;Sectoral;Государственное образовательное учреждение высшего образования Московской области Государственный гуманитарно-технологический университет;Центральный федеральный округ;Московская область;Муниципалитеты и субъекты РФ
110316;Arts;Sectoral;Государственное образовательное учреждение высшего образования Московской области Государственный социально-гуманитарный университет;Центральный федеральный округ;Московская область;Муниципалитеты и субъекты РФ
1743;Sport;Sectoral;Московская государственная академия физической культуры;Центральный федеральный округ;Московская область;Министерство спорта Российской Федерации
206;;Calssic;Пущинский государственный естественно-научный институт;Центральный федеральный округ;Московская область;Министерство науки и высшего образования Российской Федерации
110425;Technical;Sectoral;Технологический университет имени дважды Героя Советского Союза, летчика-космонавта А.А. Леонова;Центральный федеральный округ;Московская область;Муниципалитеты и субъекты РФ
110302;;Calssic;Университет Дубна;Центральный федеральный округ;Московская область;Министерство науки и высшего образования Российской Федерации
51;;Calssic;Гжельский государственный университет;Центральный федеральный округ;Московская область;Министерство науки и высшего образования Российской Федерации
110317;Social Sciences and Humanities;Sectoral;Государственный университет просвещения;Центральный федеральный округ;Московская область;Муниципалитеты и субъекты РФ
1694;Arts;Sectoral;Московский государственный институт культуры;Центральный федеральный округ;Московская область;Министерство культуры Российской Федерации
1706;Agricultural;Sectoral;Российский государственный аграрный заочный университет;Центральный федеральный округ;Московская область;Министерство сельского хозяйства Российской Федерации
220;Social Sciences and Humanities;Sectoral;Российский государственный университет туризма и сервиса;Центральный федеральный округ;Московская область;Министерство науки и высшего образования Российской Федерации
1635;Arts;Sectoral;Орловский государственный институт культуры;Центральный федеральный округ;Орловская область;Министерство культуры Российской Федерации
1745;Agricultural;Sectoral;Орловский государственный аграрный университет имени Н.В. Парахина;Центральный федеральный округ;Орловская область;Министерство науки и высшего образования Российской Федерации
191;;Federal and Flagship;Орловский государственный университет имени И.С.Тургенева;Центральный федеральный округ;Орловская область;Министерство науки и высшего образования Российской Федерации
230;Technical;Sectoral;Рязанский государственный радиотехнический университет имени В.Ф. Уткина;Центральный федеральный округ;Рязанская область;Министерство науки и высшего образования Российской Федерации
231;;Calssic;Рязанский государственный университет имени С.А. Есенина;Центральный федеральный округ;Рязанская область;Министерство науки и высшего образования Российской Федерации
1662;Agricultural;Sectoral;Рязанский государственный агротехнологический университет имени П.А.Костычева;Центральный федеральный округ;Рязанская область;Министерство сельского хозяйства Российской Федерации
1765;Medical;Sectoral;Рязанский государственный медицинский университет имени академика И.П. Павлова Министерства здравоохранения Российской Федерации;Центральный федеральный округ;Рязанская область;Министерство здравоохранения Российской Федерации
110395;Arts;Sectoral;областное Смоленский государственный институт искусств;Центральный федеральный округ;Смоленская область;Муниципалитеты и субъекты РФ
1749;Sport;Sectoral;Смоленский государственный университет спорта;Центральный федеральный округ;Смоленская область;Министерство спорта Российской Федерации
1790;Agricultural;Sectoral;Смоленская государственная сельскохозяйственная академия;Центральный федеральный округ;Смоленская область;Министерство сельского хозяйства Российской Федерации
1804;Medical;Sectoral;Смоленский государственный медицинский университет Министерства здравоохранения Российской Федерации;Центральный федеральный округ;Смоленская область;Министерство здравоохранения Российской Федерации
276;;Calssic;Смоленский государственный университет (СмолГУ);Центральный федеральный округ;Смоленская область;Министерство науки и высшего образования Российской Федерации
110412;Arts;Sectoral;Тамбовское областное Тамбовский государственный музыкально-педагогический институт им. С.В. Рахманинова;Центральный федеральный округ;Тамбовская область;Муниципалитеты и субъекты РФ
284;;Calssic;Тамбовский государственный университет имени Г.Р. Державина;Центральный федеральный округ;Тамбовская область;Министерство науки и высшего образования Российской Федерации
1736;Agricultural;Sectoral;Мичуринский государственный аграрный университет;Центральный федеральный округ;Тамбовская область;Министерство науки и высшего образования Российской Федерации
283;Technical;Sectoral;Тамбовский государственный технический университет;Центральный федеральный округ;Тамбовская область;Министерство науки и высшего образования Российской Федерации
1710;Agricultural;Sectoral;Тверская государственная сельскохозяйственная академия;Центральный федеральный округ;Тверская область;Министерство сельского хозяйства Российской Федерации
1621;Medical;Sectoral;Тверской государственный медицинский университет Министерства здравоохранения Российской Федерации;Центральный федеральный округ;Тверская область;Министерство здравоохранения Российской Федерации
287;;Calssic;Тверской государственный университет;Центральный федеральный округ;Тверская область;Министерство науки и высшего образования Российской Федерации
286;Technical;Sectoral;Тверской государственный технический университет;Центральный федеральный округ;Тверская область;Министерство науки и высшего образования Российской Федерации
297;Pedagogical;Sectoral;Тульский государственный педагогический университет им. Л.Н. Толстого;Центральный федеральный округ;Тульская область;Министерство просвещения Российской Федерации
298;;Federal and Flagship;Тульский государственный университет;Центральный федеральный округ;Тульская область;Министерство науки и высшего образования Российской Федерации
229;Technical;Sectoral;Рыбинский государственный авиационный технический университет имени П.А. Соловьева;Центральный федеральный округ;Ярославская область;Министерство науки и высшего образования Российской Федерации
1669;Agricultural;Sectoral;Ярославская государственная сельскохозяйственная академия;Центральный федеральный округ;Ярославская область;Министерство науки и высшего образования Российской Федерации
340;Pedagogical;Sectoral;Ярославский государственный педагогический университет им. К.Д. Ушинского;Центральный федеральный округ;Ярославская область;Министерство просвещения Российской Федерации
1657;Arts;Sectoral;Ярославский государственный театральный институт имени Фирса Шишигина;Центральный федеральный округ;Ярославская область;Министерство культуры Российской Федерации
341;Technical;Sectoral;Ярославский государственный технический университет;Центральный федеральный округ;Ярославская область;Министерство науки и высшего образования Российской Федерации
342;;Federal and Flagship;Ярославский государственный университет им. П.Г. Демидова;Центральный федеральный округ;Ярославская область;Министерство науки и высшего образования Российской Федерации
1585;Medical;Sectoral;Ярославский государственный медицинский университет Министерства здравоохранения Российской Федерации;Центральный федеральный округ;Ярославская область;Министерство здравоохранения Российской Федерации
1544;;Federal and Flagship;Северный (Арктический) федеральный университет имени М. В. Ломоносова.;Северо-Западный федеральный округ;Архангельская область;Министерство науки и высшего образования Российской Федерации
1579;Medical;Sectoral;Северный государственный медицинский университет Министерства здравоохранения Российской Федерации;Северо-Западный федеральный округ;Архангельская область;Министерство здравоохранения Российской Федерации
1672;Agricultural;Sectoral;Вологодская государственная молочнохозяйственная академия имени Н.В.Верещагина;Северо-Западный федеральный округ;Вологодская область;Министерство сельского хозяйства Российской Федерации
39;;Calssic;Вологодский государственный университет;Северо-Западный федеральный округ;Вологодская область;Министерство науки и высшего образования Российской Федерации
325;;Federal and Flagship;Череповецкий государственный университет;Северо-Западный федеральный округ;Вологодская область;Министерство науки и высшего образования Российской Федерации
110291;;Federal and Flagship;Ленинградской области Ленинградский государственный университет имени А.С. Пушкина;Северо-Западный федеральный округ;г. Санкт-Петербург;Муниципалитеты и субъекты РФ
110381;Social Sciences and Humanities;Sectoral;Санкт-Петербургское Санкт-Петербургский государственный институт психологии и социальной работы;Северо-Западный федеральный округ;г. Санкт-Петербург;Муниципалитеты и субъекты РФ
234;;National Research;Национальный исследовательский университет ИТМО;Северо-Западный федеральный округ;г. Санкт-Петербург;Министерство науки и высшего образования Российской Федерации
243;Technical;Sectoral;Санкт-Петербургский государственный университет аэрокосмического приборостроения;Северо-Западный федеральный округ;г. Санкт-Петербург;Министерство науки и высшего образования Российской Федерации
247;Technical;Sectoral;Санкт-Петербургский государственный электротехнический университет ЛЭТИ им. В.И. Ульянова (Ленина) (СПбГЭТУ ЛЭТИ);Северо-Западный федеральный округ;г. Санкт-Петербург;Министерство науки и высшего образования Российской Федерации
240;Technical;Sectoral;Санкт-Петербургский политехнический университет Петра Великого;Северо-Западный федеральный округ;г. Санкт-Петербург;Министерство науки и высшего образования Российской Федерации
1789;Arts;Sectoral;Академия Русского балета имени А.Я. Вагановой;Северо-Западный федеральный округ;г. Санкт-Петербург;Министерство культуры Российской Федерации
1755;Sport;Sectoral;Национальный государственный Университет физической культуры, спорта и здоровья имени П.Ф.Лесгафта, Санкт-Петербург;Северо-Западный федеральный округ;г. Санкт-Петербург;Министерство спорта Российской Федерации
233;Arts;Sectoral;Санкт-Петербургская государственная художественно-промышленная академия имени А.Л. Штиглица;Северо-Западный федеральный округ;г. Санкт-Петербург;Министерство науки и высшего образования Российской Федерации
237;Technical;Sectoral;Санкт-Петербургский горный университет;Северо-Западный федеральный округ;г. Санкт-Петербург;Министерство науки и высшего образования Российской Федерации
236;Architectural;Sectoral;Санкт-Петербургский государственный архитектурно-строительный университет;Северо-Западный федеральный округ;г. Санкт-Петербург;Министерство науки и высшего образования Российской Федерации
232;Technical;Sectoral;Санкт-Петербургский государственный лесотехнический университет имени С.М. Кирова;Северо-Западный федеральный округ;г. Санкт-Петербург;Министерство науки и высшего образования Российской Федерации
1616;Medical;Sectoral;Санкт-Петербургский государственный педиатрический медицинский университет Министерства здравоохранения Российской Федерации;Северо-Западный федеральный округ;г. Санкт-Петербург;Министерство здравоохранения Российской Федерации
1735;Trasport;Sectoral;Санкт-Петербургский государственный университет гражданской авиации имени Главного маршала авиации А.А. Новикова;Северо-Западный федеральный округ;г. Санкт-Петербург;Федеральное агентство воздушного транспорта
1564;Technical;Sectoral;Санкт-Петербургский государственный университет телекоммуникаций им. проф. М.А. Бонч-Бруевича;Северо-Западный федеральный округ;г. Санкт-Петербург;Федеральное агентство связи
1771;;Calssic;Санкт-Петербургский государственный университет;Северо-Западный федеральный округ;г. Санкт-Петербург;Правительство Российской Федерации
1734;Medical;Sectoral;Северо-Западный государственный медицинский университет имени И.И. Мечникова Министерства здравоохранения Российской Федерации;Северо-Западный федеральный округ;г. Санкт-Петербург;Министерство здравоохранения Российской Федерации
13;Technical;Sectoral;Балтийский государственный технический университет ВОЕНМЕХ им. Д.Ф. Устинова;Северо-Западный федеральный округ;г. Санкт-Петербург;Министерство науки и высшего образования Российской Федерации
48;Arts;Sectoral;Высшая школа народных искусств (академия);Северо-Западный федеральный округ;г. Санкт-Петербург;Министерство науки и высшего образования Российской Федерации
1707;Trasport;Sectoral;Государственный университет морского и речного флота имени адмирала С.О. Макарова;Северо-Западный федеральный округ;г. Санкт-Петербург;Федеральное агентство морского и речного транспорта
1572;Medical;Sectoral;Первый Санкт-Петербургский государственный медицинский университет имени академика И.П. Павлова Министерства здравоохранения Российской Федерации;Северо-Западный федеральный округ;г. Санкт-Петербург;Министерство здравоохранения Российской Федерации
1580;Trasport;Sectoral;Петербургский государственный университет путей сообщения Императора Александра I;Северо-Западный федеральный округ;г. Санкт-Петербург;Федеральное агентство железнодорожного транспорта
211;Technical;Sectoral;Российский государственный гидрометеорологический университет;Северо-Западный федеральный округ;г. Санкт-Петербург;Министерство науки и высшего образования Российской Федерации
1722;Arts;Sectoral;Российский государственный институт сценических искусств;Северо-Западный федеральный округ;г. Санкт-Петербург;Министерство культуры Российской Федерации
213;Pedagogical;Sectoral;Российский государственный педагогический университет им. А. И. Герцена;Северо-Западный федеральный округ;г. Санкт-Петербург;Министерство просвещения Российской Федерации
1812;Arts;Sectoral;Санкт-Петербургская академия художеств имени Ильи Репина;Северо-Западный федеральный округ;г. Санкт-Петербург;Министерство культуры Российской Федерации
1648;Arts;Sectoral;Санкт-Петербургская государственная консерватория имени Н.А.Римского-Корсакова;Северо-Западный федеральный округ;г. Санкт-Петербург;Министерство культуры Российской Федерации
1590;Medical;Sectoral;Санкт-Петербургский государственный химико-фармацевтический университет Министерства здравоохранения Российской Федерации;Северо-Западный федеральный округ;г. Санкт-Петербург;Министерство здравоохранения Российской Федерации
1727;Agricultural;Sectoral;Санкт-Петербургский государственный аграрный университет;Северо-Западный федеральный округ;г. Санкт-Петербург;Министерство сельского хозяйства Российской Федерации
1738;Arts;Sectoral;Санкт-Петербургский государственный институт кино и телевидения;Северо-Западный федеральный округ;г. Санкт-Петербург;Министерство культуры Российской Федерации
1720;Arts;Sectoral;Санкт-Петербургский государственный институт культуры;Северо-Западный федеральный округ;г. Санкт-Петербург;Министерство культуры Российской Федерации
239;Technical;Sectoral;Санкт-Петербургский государственный морской технический университет;Северо-Западный федеральный округ;г. Санкт-Петербург;Министерство науки и высшего образования Российской Федерации
242;Technical;Sectoral;Санкт-Петербургский государственный технологический институт (технический университет);Северо-Западный федеральный округ;г. Санкт-Петербург;Министерство науки и высшего образования Российской Федерации
1714;Agricultural;Sectoral;Санкт-Петербургский государственный университет ветеринарной медицины;Северо-Западный федеральный округ;г. Санкт-Петербург;Министерство сельского хозяйства Российской Федерации
245;Technical;Sectoral;Санкт-Петербургский государственный университет промышленных технологий и дизайна;Северо-Западный федеральный округ;г. Санкт-Петербург;Министерство науки и высшего образования Российской Федерации
100256;Social Sciences and Humanities;Sectoral;Санкт-Петербургский государственный экономический университет;Северо-Западный федеральный округ;г. Санкт-Петербург;Министерство науки и высшего образования Российской Федерации
1785;;National Research;федеральное государственное бюджетное учреждение высшего образования и науки Санкт-Петербургский национальный исследовательский Академический университет имени Ж.И. Алферова Российской академии наук;Северо-Западный федеральный округ;г. Санкт-Петербург;Министерство науки и высшего образования Российской Федерации
217;;Federal and Flagship;Балтийский федеральный университет имени Иммануила Канта;Северо-Западный федеральный округ;Калининградская область;Министерство науки и высшего образования Российской Федерации
1601;Technical;Sectoral;Калининградский государственный технический университет;Северо-Западный федеральный округ;Калининградская область;Федеральное агентство по рыболовству
110180;Technical;Sectoral;Автономное образовательное учреждение высшего образования Ленинградской области Государственный институт экономики, финансов, права и технологий;Северо-Западный федеральный округ;Ленинградская область;Муниципалитеты и субъекты РФ
1602;Technical;Sectoral;Мурманский государственный технический университет;Северо-Западный федеральный округ;Мурманская область;Министерство науки и высшего образования Российской Федерации
173;;Federal and Flagship;Новгородский государственный университет имени Ярослава Мудрого;Северо-Западный федеральный округ;Новгородская область;Министерство науки и высшего образования Российской Федерации
1530;;Federal and Flagship;Псковский государственный университет;Северо-Западный федеральный округ;Псковская область;Министерство науки и высшего образования Российской Федерации
1741;Sport;Sectoral;Великолукская государственная академия физической культуры и спорта;Северо-Западный федеральный округ;Псковская область;Министерство спорта Российской Федерации
1660;Agricultural;Sectoral;Великолукская государственная сельскохозяйственная академия;Северо-Западный федеральный округ;Псковская область;Министерство сельского хозяйства Российской Федерации
1656;Arts;Sectoral;Петрозаводская государственная консерватория имени А.К. Глазунова;Северо-Западный федеральный округ;Республика Карелия;Министерство культуры Российской Федерации
199;;Federal and Flagship;Петрозаводский государственный университет;Северо-Западный федеральный округ;Республика Карелия;Министерство науки и высшего образования Российской Федерации
110281;Social Sciences and Humanities;Sectoral;Государственное образовательное учреждение высшего образования Коми республиканская академия государственной службы и управления;Северо-Западный федеральный округ;Республика Коми;Муниципалитеты и субъекты РФ
281;;Federal and Flagship;Сыктывкарский государственный университет имени Питирима Сорокина;Северо-Западный федеральный округ;Республика Коми;Министерство науки и высшего образования Российской Федерации
320;Technical;Sectoral;Ухтинский государственный технический университет;Северо-Западный федеральный округ;Республика Коми;Министерство науки и высшего образования Российской Федерации
1681;Agricultural;Sectoral;Вятский государственный агротехнологический университет (ФГБОУ ВО Вятский ГАТУ);Приволжский федеральный округ;Кировская область;Министерство сельского хозяйства Российской Федерации
50;;Federal and Flagship;Вятский государственный университет;Приволжский федеральный округ;Кировская область;Министерство науки и высшего образования Российской Федерации
1586;Medical;Sectoral;Кировский государственный медицинский университет Министерства здравоохранения Российской Федерации;Приволжский федеральный округ;Кировская область;Министерство здравоохранения Российской Федерации
110347;Social Sciences and Humanities;Sectoral;Нижегородский государственный инженерно-экономический университет;Приволжский федеральный округ;Нижегородская область;Муниципалитеты и субъекты РФ
170;;National Research;Национальный исследовательский Нижегородский государственный университет им. Н.И. Лобачевского;Приволжский федеральный округ;Нижегородская область;Министерство науки и высшего образования Российской Федерации
1652;Arts;Sectoral;Нижегородская государственная консерватория им. М.И. Глинки;Приволжский федеральный округ;Нижегородская область;Министерство культуры Российской Федерации
1778;Agricultural;Sectoral;Нижегородский государственный агротехнологический университет;Приволжский федеральный округ;Нижегородская область;Министерство науки и высшего образования Российской Федерации
166;Architectural;Sectoral;Нижегородский государственный архитектурно-строительный университет;Приволжский федеральный округ;Нижегородская область;Министерство науки и высшего образования Российской Федерации
167;Social Sciences and Humanities;Sectoral;Нижегородский государственный лингвистический университет им. Н.А.Добролюбова;Приволжский федеральный округ;Нижегородская область;Министерство науки и высшего образования Российской Федерации
168;Pedagogical;Sectoral;Нижегородский государственный педагогический университет имени Козьмы Минина (Мининский университет);Приволжский федеральный округ;Нижегородская область;Министерство просвещения Российской Федерации
1705;Trasport;Sectoral;Волжский государственный университет водного транспорта;Приволжский федеральный округ;Нижегородская область;Федеральное агентство морского и речного транспорта
169;;Federal and Flagship;Нижегородский государственный технический университет им. Р.Е. Алексеева;Приволжский федеральный округ;Нижегородская область;Министерство науки и высшего образования Российской Федерации
1587;Medical;Sectoral;Приволжский исследовательский медицинский университет Министерства здравоохранения Российской Федерации;Приволжский федеральный округ;Нижегородская область;Министерство здравоохранения Российской Федерации
110354;Arts;Sectoral;Оренбургский государственный институт искусств им. Л. и М. Ростроповичей;Приволжский федеральный округ;Оренбургская область;Муниципалитеты и субъекты РФ
186;Pedagogical;Sectoral;Оренбургский государственный педагогический университет;Приволжский федеральный округ;Оренбургская область;Министерство просвещения Российской Федерации
187;;Calssic;Оренбургский государственный университет;Приволжский федеральный округ;Оренбургская область;Министерство науки и высшего образования Российской Федерации
1702;Agricultural;Sectoral;Оренбургский государственный аграрный университет;Приволжский федеральный округ;Оренбургская область;Министерство сельского хозяйства Российской Федерации
1624;Medical;Sectoral;Оренбургский государственный медицинский университет Министерства здравоохранения Российской Федерации;Приволжский федеральный округ;Оренбургская область;Министерство здравоохранения Российской Федерации
192;Technical;Sectoral;Пензенский государственный технологический университет;Приволжский федеральный округ;Пензенская область;Министерство науки и высшего образования Российской Федерации
194;;Calssic;Пензенский государственный университет;Приволжский федеральный округ;Пензенская область;Министерство науки и высшего образования Российской Федерации
1632;Agricultural;Sectoral;#Н/Д;Приволжский федеральный округ;Пензенская область;Министерство сельского хозяйства Российской Федерации
195;Architectural;Sectoral;Пензенский государственный университет архитектуры и строительства;Приволжский федеральный округ;Пензенская область;Министерство науки и высшего образования Российской Федерации
197;;National Research;Пермский национальный исследовательский политехнический университет;Приволжский федеральный округ;Пермский край;Министерство науки и высшего образования Российской Федерации
198;;National Research;Пермский государственный национальный исследовательский университет;Приволжский федеральный округ;Пермский край;Министерство науки и высшего образования Российской Федерации
1577;Medical;Sectoral;Пермская государственная фармацевтическая академия Министерства здравоохранения Российской Федерации;Приволжский федеральный округ;Пермский край;Министерство здравоохранения Российской Федерации
196;Pedagogical;Sectoral;Пермский государственный гуманитарно-педагогический университет (ПГГПУ);Приволжский федеральный округ;Пермский край;Министерство просвещения Российской Федерации
1776;Arts;Sectoral;Пермский государственный институт культуры;Приволжский федеральный округ;Пермский край;Министерство культуры Российской Федерации
1775;Sport;Sectoral;Чайковская государственная академия физической культуры и спорта;Приволжский федеральный округ;Пермский край;Министерство спорта Российской Федерации
1664;Technical;Sectoral;Пермский государственный аграрно-технологический университет имени академика Д.Н. Прянишникова;Приволжский федеральный округ;Пермский край;Министерство науки и высшего образования Российской Федерации
1796;Medical;Sectoral;Пермский государственный медицинский университет имени академика Е.А. Вагнера Министерства здравоохранения Российской Федерации;Приволжский федеральный округ;Пермский край;Министерство здравоохранения Российской Федерации
110160;Social Sciences and Humanities;Sectoral;Башкирская академия государственной службы и управления при Главе Республики Башкортостан;Приволжский федеральный округ;Республика Башкортостан;Муниципалитеты и субъекты РФ
1701;Agricultural;Sectoral;Башкирский государственный аграрный университет;Приволжский федеральный округ;Республика Башкортостан;Министерство сельского хозяйства Российской Федерации
1703;Arts;Sectoral;Уфимский государственный институт искусств имени Загира Исмагилова;Приволжский федеральный округ;Республика Башкортостан;Министерство культуры Российской Федерации
1731;Medical;Sectoral;Башкирский государственный медицинский университет Министерства здравоохранения Российской Федерации;Приволжский федеральный округ;Республика Башкортостан;Министерство здравоохранения Российской Федерации
14;Pedagogical;Sectoral;Башкирский государственный педагогический университет им. М. Акмуллы;Приволжский федеральный округ;Республика Башкортостан;Министерство просвещения Российской Федерации
319;;Federal and Flagship;Уфимский государственный нефтяной технический университет;Приволжский федеральный округ;Республика Башкортостан;Министерство науки и высшего образования Российской Федерации
666669204;Technical;Sectoral;Уфимский университет науки и технологий;Приволжский федеральный округ;Республика Башкортостан;Министерство науки и высшего образования Российской Федерации
123;Technical;Sectoral;Поволжский государственный технологический университет;Приволжский федеральный округ;Республика Марий Эл;Министерство науки и высшего образования Российской Федерации
124;;Federal and Flagship;Марийский государственный университет;Приволжский федеральный округ;Республика Марий Эл;Министерство науки и высшего образования Российской Федерации
126;Pedagogical;Sectoral;Мордовский государственный педагогический университет имени М.Е. Евсевьева;Приволжский федеральный округ;Республика Мордовия;Министерство просвещения Российской Федерации
127;;National Research;Национальный исследовательский Мордовский государственный университет им. Н.П.Огарева;Приволжский федеральный округ;Республика Мордовия;Министерство науки и высшего образования Российской Федерации
110154;Technical;Sectoral;Альметьевский государственный нефтяной институт;Приволжский федеральный округ;Республика Татарстан;Муниципалитеты и субъекты РФ
1519;;Federal and Flagship;Казанский (Приволжский) федеральный университет;Приволжский федеральный округ;Республика Татарстан;Министерство науки и высшего образования Российской Федерации
1670;Agricultural;Sectoral;Казанская государственная академия ветеринарной медицины имени Н.Э. Баумана (ФГБОУ ВО Казанская ГАВМ);Приволжский федеральный округ;Республика Татарстан;Министерство сельского хозяйства Российской Федерации
1764;Agricultural;Sectoral;Казанский государственный аграрный университет;Приволжский федеральный округ;Республика Татарстан;Министерство сельского хозяйства Российской Федерации
86;Architectural;Sectoral;Казанский государственный архитектурно-строительный университет;Приволжский федеральный округ;Республика Татарстан;Министерство науки и высшего образования Российской Федерации
1646;Arts;Sectoral;Казанский государственный институт культуры;Приволжский федеральный округ;Республика Татарстан;Министерство культуры Российской Федерации
91;Technical;Sectoral;Казанский государственный энергетический университет;Приволжский федеральный округ;Республика Татарстан;Министерство науки и высшего образования Российской Федерации
87;;National Research;Казанский национальный исследовательский технический университет им. А.Н. Туполева-КАИ;Приволжский федеральный округ;Республика Татарстан;Министерство науки и высшего образования Российской Федерации
88;;National Research;Казанский национальный исследовательский технологический университет;Приволжский федеральный округ;Республика Татарстан;Министерство науки и высшего образования Российской Федерации
1698;Arts;Sectoral;Казанская государственная консерватория имени Н.Г.Жиганова;Приволжский федеральный округ;Республика Татарстан;Министерство культуры Российской Федерации
1562;Medical;Sectoral;Казанский государственный медицинский университет Министерства здравоохранения Российской Федерации;Приволжский федеральный округ;Республика Татарстан;Министерство здравоохранения Российской Федерации
164;Pedagogical;Sectoral;Набережночелнинский государственный педагогический университет;Приволжский федеральный округ;Республика Татарстан;Министерство просвещения Российской Федерации
1748;Sport;Sectoral;Поволжский государственный университет физической культуры, спорта и туризма;Приволжский федеральный округ;Республика Татарстан;Министерство спорта Российской Федерации
254;Social Sciences and Humanities;Sectoral;Самарский государственный экономический университет;Приволжский федеральный округ;Самарская область;Министерство науки и высшего образования Российской Федерации
251;;National Research;Самарский национальный исследовательский университет имени академика С.П. Королева;Приволжский федеральный округ;Самарская область;Министерство науки и высшего образования Российской Федерации
1685;Agricultural;Sectoral;Самарский государственный аграрный университет;Приволжский федеральный округ;Самарская область;Министерство сельского хозяйства Российской Федерации
1696;Arts;Sectoral;Самарский государственный институт культуры;Приволжский федеральный округ;Самарская область;Министерство культуры Российской Федерации
1581;Medical;Sectoral;Самарский государственный медицинский университет Министерства здравоохранения Российской Федерации;Приволжский федеральный округ;Самарская область;Министерство здравоохранения Российской Федерации
252;;Federal and Flagship;Самарский государственный технический университет;Приволжский федеральный округ;Самарская область;Министерство науки и высшего образования Российской Федерации
202;Social Sciences and Humanities;Sectoral;Поволжский государственный университет сервиса;Приволжский федеральный округ;Самарская область;Министерство науки и высшего образования Российской Федерации
1570;Technical;Sectoral;Поволжский государственный университет телекоммуникаций и информатики;Приволжский федеральный округ;Самарская область;Федеральное агентство связи
201;Pedagogical;Sectoral;Самарский государственный социально-педагогический университет;Приволжский федеральный округ;Самарская область;Министерство просвещения Российской Федерации
1603;Trasport;Sectoral;Самарский государственный университет путей сообщения;Приволжский федеральный округ;Самарская область;Федеральное агентство железнодорожного транспорта
291;;Federal and Flagship;Тольяттинский государственный университет;Приволжский федеральный округ;Самарская область;Министерство науки и высшего образования Российской Федерации
255;Social Sciences and Humanities;Sectoral;Саратовская государственная юридическая академия;Приволжский федеральный округ;Саратовская область;Министерство науки и высшего образования Российской Федерации
1730;Arts;Sectoral;Саратовская государственная консерватория имени Л.В. Собинова;Приволжский федеральный округ;Саратовская область;Министерство культуры Российской Федерации
1711;Medical;Sectoral;Саратовский государственный медицинский университет имени В.И. Разумовского Министерства здравоохранения Российской Федерации;Приволжский федеральный округ;Саратовская область;Министерство здравоохранения Российской Федерации
257;;Federal and Flagship;Саратовский государственный технический университет имени Гагарина Ю.А.;Приволжский федеральный округ;Саратовская область;Министерство науки и высшего образования Российской Федерации
1661;Agricultural;Sectoral;Саратовский государственный университет генетики, биотехнологии и инженерии имени Н. И. Вавилова;Приволжский федеральный округ;Саратовская область;Министерство сельского хозяйства Российской Федерации
258;;National Research;Саратовский национальный исследовательский государственный университет имени Н.Г. Чернышевского;Приволжский федеральный округ;Саратовская область;Министерство науки и высшего образования Российской Федерации
52;Pedagogical;Sectoral;Глазовский государственный педагогический институт имени В.Г. Короленко;Приволжский федеральный округ;Удмуртская Республика;Министерство просвещения Российской Федерации
1584;Medical;Sectoral;Ижевская государственная медицинская академия Министерства здравоохранения Российской Федерации;Приволжский федеральный округ;Удмуртская Республика;Министерство здравоохранения Российской Федерации
1683;Agricultural;Sectoral;Удмуртский государственный аграрный университет;Приволжский федеральный округ;Удмуртская Республика;Министерство сельского хозяйства Российской Федерации
79;Technical;Sectoral;Ижевский государственный технический университет имени М.Т. Калашникова;Приволжский федеральный округ;Удмуртская Республика;Министерство науки и высшего образования Российской Федерации
303;;Calssic;Удмуртский государственный университет;Приволжский федеральный округ;Удмуртская Республика;Министерство науки и высшего образования Российской Федерации
304;Pedagogical;Sectoral;Ульяновский государственный педагогический университет имени И.Н. Ульянова;Приволжский федеральный округ;Ульяновская область;Министерство просвещения Российской Федерации
1643;Agricultural;Sectoral;Ульяновский государственный аграрный университет имени П.А.Столыпина;Приволжский федеральный округ;Ульяновская область;Министерство сельского хозяйства Российской Федерации
305;Technical;Sectoral;Ульяновский государственный технический университет;Приволжский федеральный округ;Ульяновская область;Министерство науки и высшего образования Российской Федерации
306;;Federal and Flagship;Ульяновский государственный университет;Приволжский федеральный округ;Ульяновская область;Министерство науки и высшего образования Российской Федерации
1760;Trasport;Sectoral;Ульяновский институт гражданской авиации имени Главного маршала авиации Б.П. Бугаева;Приволжский федеральный округ;Ульяновская область;Федеральное агентство воздушного транспорта
110431;Arts;Sectoral;Бюджетное образовательное учреждение высшего образования Чувашской Республики Чувашский государственный институт культуры и искусств Министерства культуры, по делам национальностей и архивного дела Чувашской Республики;Приволжский федеральный округ;Чувашская Республика;Муниципалитеты и субъекты РФ
329;Pedagogical;Sectoral;Чувашский государственный педагогический университет им. И.Я. Яковлева;Приволжский федеральный округ;Чувашская Республика;Министерство просвещения Российской Федерации
330;;Calssic;Чувашский государственный университет имени И.Н. Ульянова;Приволжский федеральный округ;Чувашская Республика;Министерство науки и высшего образования Российской Федерации
1689;Agricultural;Sectoral;Чувашский государственный аграрный университет;Приволжский федеральный округ;Чувашская Республика;Министерство сельского хозяйства Российской Федерации
110155;Architectural;Sectoral;государственное автономное образовательное учреждение Астраханской области высшего образования Астраханский государственный архитектурно-строительный университет;Южный федеральный округ;Астраханская область;Муниципалитеты и субъекты РФ
1655;Arts;Sectoral;Астраханская государственная консерватория;Южный федеральный округ;Астраханская область;Министерство культуры Российской Федерации
1563;Technical;Sectoral;Астраханский государственный технический университет;Южный федеральный округ;Астраханская область;Федеральное агентство по рыболовству
1718;Medical;Sectoral;Астраханский государственный медицинский университет Министерства здравоохранения Российской Федерации;Южный федеральный округ;Астраханская область;Министерство здравоохранения Российской Федерации
11;;Calssic;Астраханский государственный университет имени В.Н. Татищева;Южный федеральный округ;Астраханская область;Министерство науки и высшего образования Российской Федерации
110167;Social Sciences and Humanities;Sectoral;Волжский институт экономики, педагогики и права;Южный федеральный округ;Волгоградская область;Муниципалитеты и субъекты РФ
110164;Arts;Sectoral;Государственное образовательное бюджетное учреждение культуры высшего образования Волгоградский государственный институт искусств и культуры;Южный федеральный округ;Волгоградская область;Муниципалитеты и субъекты РФ
110165;Arts;Sectoral;муниципальное бюджетное образовательное учреждение высшего образования Волгоградская консерватория имени П.А.Серебрякова;Южный федеральный округ;Волгоградская область;Муниципалитеты и субъекты РФ
36;;Calssic;Волгоградский государственный университет;Южный федеральный округ;Волгоградская область;Министерство науки и высшего образования Российской Федерации
1753;Sport;Sectoral;Волгоградская государственная академия физической культуры;Южный федеральный округ;Волгоградская область;Министерство спорта Российской Федерации
34;Pedagogical;Sectoral;Волгоградский государственный социально-педагогический университет;Южный федеральный округ;Волгоградская область;Министерство просвещения Российской Федерации
1697;Agricultural;Sectoral;Волгоградский государственный аграрный университет;Южный федеральный округ;Волгоградская область;Министерство науки и высшего образования Российской Федерации
1597;Medical;Sectoral;Волгоградский государственный медицинский университет Министерства здравоохранения Российской Федерации;Южный федеральный округ;Волгоградская область;Министерство здравоохранения Российской Федерации
35;;Federal and Flagship;Волгоградский государственный технический университет;Южный федеральный округ;Волгоградская область;Министерство науки и высшего образования Российской Федерации
113437;;Calssic;Севастопольский государственный университет;Южный федеральный округ;г. Севастополь;Министерство науки и высшего образования Российской Федерации
9;Pedagogical;Sectoral;Армавирский государственный педагогический университет;Южный федеральный округ;Краснодарский край;Министерство просвещения Российской Федерации
1663;Arts;Sectoral;Краснодарский государственный институт культуры;Южный федеральный округ;Краснодарский край;Министерство культуры Российской Федерации
108;Technical;Sectoral;Кубанский государственный технологический университет;Южный федеральный округ;Краснодарский край;Министерство науки и высшего образования Российской Федерации
1768;Trasport;Sectoral;Государственный морской университет имени адмирала Ф.Ф. Ушакова;Южный федеральный округ;Краснодарский край;Федеральное агентство морского и речного транспорта
1782;Agricultural;Sectoral;Кубанский государственный аграрный университет имени И.Т. Трубилина;Южный федеральный округ;Краснодарский край;Министерство сельского хозяйства Российской Федерации
1728;Medical;Sectoral;Кубанский государственный медицинский университет Министерства здравоохранения Российской Федерации (ФГБОУ ВО КубГМУ Минздрава России);Южный федеральный округ;Краснодарский край;Министерство здравоохранения Российской Федерации
1747;Sport;Sectoral;Кубанский государственный университет физической культуры, спорта и туризма;Южный федеральный округ;Краснодарский край;Министерство спорта Российской Федерации
109;;Calssic;Кубанский государственный университет;Южный федеральный округ;Краснодарский край;Министерство науки и высшего образования Российской Федерации
278;;Federal and Flagship;Сочинский государственный университет;Южный федеральный округ;Краснодарский край;Министерство науки и высшего образования Российской Федерации
1;;Calssic;Адыгейский государственный университет;Южный федеральный округ;Республика Адыгея;Министерство науки и высшего образования Российской Федерации
122;Technical;Sectoral;Майкопский государственный технологический университет;Южный федеральный округ;Республика Адыгея;Министерство науки и высшего образования Российской Федерации
92;;Federal and Flagship;Калмыцкий государственный университет имени Б.Б. Городовикова;Южный федеральный округ;Республика Калмыкия;Министерство науки и высшего образования Российской Федерации
5516;Pedagogical;Sectoral;Республики Крым Крымский инженерно-педагогический университет имени Февзи Якубова;Южный федеральный округ;Республика Крым;Муниципалитеты и субъекты РФ
5517;Arts;Sectoral;Республики Крым Крымский университет культуры, искусств и туризма;Южный федеральный округ;Республика Крым;Муниципалитеты и субъекты РФ
113416;;Federal and Flagship;Крымский федеральный университет имени В.И.Вернадского;Южный федеральный округ;Республика Крым;Министерство науки и высшего образования Российской Федерации
113221;Technical;Sectoral;Керченский государственный морской технологический университет;Южный федеральный округ;Республика Крым;Федеральное агентство по рыболовству
337;;Federal and Flagship;Южный федеральный университет;Южный федеральный округ;Ростовская область;Министерство науки и высшего образования Российской Федерации
228;Social Sciences and Humanities;Sectoral;Ростовский государственный экономический университет (РИНХ);Южный федеральный округ;Ростовская область;Министерство науки и высшего образования Российской Федерации
1671;Agricultural;Sectoral;Донской государственный аграрный университет;Южный федеральный округ;Ростовская область;Министерство сельского хозяйства Российской Федерации
70;;Federal and Flagship;Донской государственный технический университет;Южный федеральный округ;Ростовская область;Министерство науки и высшего образования Российской Федерации
1794;Arts;Sectoral;Ростовская государственная консерватория им. С.В.Рахманинова;Южный федеральный округ;Ростовская область;Министерство культуры Российской Федерации
1582;Medical;Sectoral;Ростовский государственный медицинский университет Министерства здравоохранения Российской Федерации;Южный федеральный округ;Ростовская область;Министерство здравоохранения Российской Федерации
1678;Trasport;Sectoral;Ростовский государственный университет путей сообщения;Южный федеральный округ;Ростовская область;Федеральное агентство железнодорожного транспорта
334;Technical;Sectoral;Южно-Российский государственный политехнический университет (НПИ) имени М.И. Платова;Южный федеральный округ;Ростовская область;Министерство науки и высшего образования Российской Федерации
80;;Calssic;Ингушский государственный университет;Северо-Кавказский федеральный округ;Республика Ингушетия;Министерство науки и высшего образования Российской Федерации
85;;Calssic;Кабардино-Балкарский государственный университет им. Х.М. Бербекова;Северо-Кавказский федеральный округ;Кабардино-Балкарская Республика;Министерство науки и высшего образования Российской Федерации
1658;Agricultural;Sectoral;Кабардино-Балкарский государственный аграрный университет имени В.М.Кокова;Северо-Кавказский федеральный округ;Кабардино-Балкарская Республика;Министерство сельского хозяйства Российской Федерации
1712;Arts;Sectoral;Северо-Кавказский государственный институт искусств;Северо-Кавказский федеральный округ;Кабардино-Балкарская Республика;Министерство культуры Российской Федерации
96;;Calssic;Северо-Кавказская государственная академия;Северо-Кавказский федеральный округ;Карачаево-Черкесская Республика;Министерство науки и высшего образования Российской Федерации
97;;Calssic;Карачаево-Черкесский государственный университет имени У.Д. Алиева;Северо-Кавказский федеральный округ;Карачаево-Черкесская Республика;Министерство науки и высшего образования Российской Федерации
110189;;Calssic;Дагестанский государственный университет народного хозяйства;Северо-Кавказский федеральный округ;Республика Дагестан;Муниципалитеты и субъекты РФ
1665;Agricultural;Sectoral;Дагестанский государственный аграрный университет имени М.М.Джамбулатова;Северо-Кавказский федеральный округ;Республика Дагестан;Министерство сельского хозяйства Российской Федерации
1558;Medical;Sectoral;Дагестанский государственный медицинский университет Министерства здравоохранения Российской Федерации;Северо-Кавказский федеральный округ;Республика Дагестан;Министерство здравоохранения Российской Федерации
62;Pedagogical;Sectoral;Дагестанский государственный педагогический университет;Северо-Кавказский федеральный округ;Республика Дагестан;Министерство просвещения Российской Федерации
63;Technical;Sectoral;Дагестанский государственный технический университет;Северо-Кавказский федеральный округ;Республика Дагестан;Министерство науки и высшего образования Российской Федерации
64;;Calssic;Дагестанский государственный университет;Северо-Кавказский федеральный округ;Республика Дагестан;Министерство науки и высшего образования Российской Федерации
1574;Medical;Sectoral;Северо-Осетинская государственная медицинская академия Министерства здравоохранения Российской Федерации;Северо-Кавказский федеральный округ;Республика Северная Осетия-Алания;Министерство здравоохранения Российской Федерации
1636;Agricultural;Sectoral;Горский государственный аграрный университет;Северо-Кавказский федеральный округ;Республика Северная Осетия-Алания;Министерство сельского хозяйства Российской Федерации
265;Technical;Sectoral;Северо-Кавказский горно-металлургический институт (государственный технологический университет);Северо-Кавказский федеральный округ;Республика Северная Осетия-Алания;Министерство науки и высшего образования Российской Федерации
267;;Calssic;Северо-Осетинский государственный университет имени Коста Левановича Хетагурова;Северо-Кавказский федеральный округ;Республика Северная Осетия-Алания;Министерство науки и высшего образования Российской Федерации
110345;Technical;Sectoral;Невинномысский государственный гуманитарно-технический институт;Северо-Кавказский федеральный округ;Ставропольский край;Муниципалитеты и субъекты РФ
110402;Pedagogical;Sectoral;Ставропольский государственный педагогический институт;Северо-Кавказский федеральный округ;Ставропольский край;Муниципалитеты и субъекты РФ
266;;Federal and Flagship;Северо-Кавказский федеральный университет;Северо-Кавказский федеральный округ;Ставропольский край;Министерство науки и высшего образования Российской Федерации
1642;Agricultural;Sectoral;Ставропольский государственный аграрный университет (ФГБОУ ВО Ставропольский ГАУ);Северо-Кавказский федеральный округ;Ставропольский край;Министерство сельского хозяйства Российской Федерации
207;;Calssic;Пятигорский государственный университет;Северо-Кавказский федеральный округ;Ставропольский край;Министерство науки и высшего образования Российской Федерации
1606;Medical;Sectoral;Ставропольский государственный медицинский университет Министерства здравоохранения Российской Федерации;Северо-Кавказский федеральный округ;Ставропольский край;Министерство здравоохранения Российской Федерации
326;Pedagogical;Sectoral;Чеченский государственный педагогический университет;Северо-Кавказский федеральный округ;Чеченская Республика;Министерство просвещения Российской Федерации
327;;Calssic;Чеченский государственный университет имени Ахмата Абдулхамидовича Кадырова;Северо-Кавказский федеральный округ;Чеченская Республика;Министерство науки и высшего образования Российской Федерации
61;Technical;Sectoral;Грозненский государственный нефтяной технический университет имени академика М.Д. Миллионщикова;Северо-Кавказский федеральный округ;Чеченская Республика;Министерство науки и высшего образования Российской Федерации
112;;Calssic;Курганский государственный университет;Уральский федеральный округ;Курганская область;Министерство науки и высшего образования Российской Федерации
331;Pedagogical;Sectoral;Шадринский государственный педагогический университет;Уральский федеральный округ;Курганская область;Министерство просвещения Российской Федерации
110200;Arts;Sectoral;Муниципальное бюджетное образовательное учреждение высшего образования Екатеринбургская академия современного искусства (институт);Уральский федеральный округ;Свердловская область;Муниципалитеты и субъекты РФ
214;Pedagogical;Sectoral;Российский государственный профессионально-педагогический университет;Уральский федеральный округ;Свердловская область;Министерство просвещения Российской Федерации
313;;Federal and Flagship;Уральский федеральный университет имени первого Президента России Б.Н. Ельцина;Уральский федеральный округ;Свердловская область;Министерство науки и высшего образования Российской Федерации
1679;Arts;Sectoral;Екатеринбургский государственный театральный институт;Уральский федеральный округ;Свердловская область;Министерство культуры Российской Федерации
1676;Arts;Sectoral;Уральская государственная консерватория имени М.П. Мусоргского;Уральский федеральный округ;Свердловская область;Министерство культуры Российской Федерации
1607;Medical;Sectoral;Уральский государственный медицинский университет Министерства здравоохранения Российской Федерации;Уральский федеральный округ;Свердловская область;Министерство здравоохранения Российской Федерации
312;Pedagogical;Sectoral;Уральский государственный педагогический университет;Уральский федеральный округ;Свердловская область;Министерство просвещения Российской Федерации
315;Social Sciences and Humanities;Sectoral;Уральский государственный экономический университет;Уральский федеральный округ;Свердловская область;Министерство науки и высшего образования Российской Федерации
309;Social Sciences and Humanities;Sectoral;Уральский государственный юридический университет имени В.Ф. Яковлева;Уральский федеральный округ;Свердловская область;Министерство науки и высшего образования Российской Федерации
1724;Agricultural;Sectoral;Уральский государственный аграрный университет;Уральский федеральный округ;Свердловская область;Министерство сельского хозяйства Российской Федерации
308;Architectural;Sectoral;Уральский государственный архитектурно-художественный университет;Уральский федеральный округ;Свердловская область;Министерство науки и высшего образования Российской Федерации
310;Technical;Sectoral;Уральский государственный горный университет;Уральский федеральный округ;Свердловская область;Министерство науки и высшего образования Российской Федерации
311;Technical;Sectoral;Уральский государственный лесотехнический университет;Уральский федеральный округ;Свердловская область;Министерство науки и высшего образования Российской Федерации
1759;Trasport;Sectoral;Уральский государственный университет путей сообщения;Уральский федеральный округ;Свердловская область;Федеральное агентство железнодорожного транспорта
302;;Calssic;Тюменский государственный университет;Уральский федеральный округ;Тюменская область;Министерство науки и высшего образования Российской Федерации
1713;Agricultural;Sectoral;Государственный аграрный университет Северного Зауралья;Уральский федеральный округ;Тюменская область;Министерство науки и высшего образования Российской Федерации
1588;Medical;Sectoral;Тюменский государственный медицинский университет Министерства здравоохранения Российской Федерации;Уральский федеральный округ;Тюменская область;Министерство здравоохранения Российской Федерации
301;;Federal and Flagship;Тюменский индустриальный университет;Уральский федеральный округ;Тюменская область;Министерство науки и высшего образования Российской Федерации
1680;Arts;Sectoral;Тюменский государственный институт культуры;Уральский федеральный округ;Тюменская область;Министерство культуры Российской Федерации
110409;Pedagogical;Sectoral;бюджетное учреждение высшего образования Ханты-Мансийского автономного округа - Югры Сургутский государственный педагогический университет;Уральский федеральный округ;Ханты-Мансийский автономный округ;Муниципалитеты и субъекты РФ
110410;;Calssic;бюджетное учреждение высшего образования Ханты-Мансийского автономного округа - Югры Сургутский государственный университет;Уральский федеральный округ;Ханты-Мансийский автономный округ;Муниципалитеты и субъекты РФ
110428;Medical;Sectoral;Бюджетное учреждение высшего образования Ханты-Мансийского автономного округа - Югры Ханты-Мансийская государственная медицинская академия;Уральский федеральный округ;Ханты-Мансийский автономный округ;Муниципалитеты и субъекты РФ
1784;;Calssic;Нижневартовский государственный университет;Уральский федеральный округ;Ханты-Мансийский автономный округ;Министерство науки и высшего образования Российской Федерации
333;;Calssic;Югорский государственный университет;Уральский федеральный округ;Ханты-Мансийский автономный округ;Министерство науки и высшего образования Российской Федерации
110433;Arts;Sectoral;Южно-Уральский государственный институт искусств имени П.И. Чайковского;Уральский федеральный округ;Челябинская область;Муниципалитеты и субъекты РФ
110293;Arts;Sectoral;Челябинской области Магнитогорская государственная консерватория (академия) имени М.И. Глинки;Уральский федеральный округ;Челябинская область;Муниципалитеты и субъекты РФ
336;;National Research;Южно-Уральский государственный университет (национальный исследовательский университет);Уральский федеральный округ;Челябинская область;Министерство науки и высшего образования Российской Федерации
1752;Sport;Sectoral;Уральский государственный университет физической культуры;Уральский федеральный округ;Челябинская область;Министерство спорта Российской Федерации
120;;Federal and Flagship;Магнитогорский государственный технический университет им. Г.И. Носова;Уральский федеральный округ;Челябинская область;Министерство науки и высшего образования Российской Федерации
1774;Arts;Sectoral;Челябинский государственный институт культуры;Уральский федеральный округ;Челябинская область;Министерство культуры Российской Федерации
324;;Calssic;Челябинский государственный университет;Уральский федеральный округ;Челябинская область;Министерство науки и высшего образования Российской Федерации
323;Pedagogical;Sectoral;Южно-Уральский государственный гуманитарно-педагогический университет;Уральский федеральный округ;Челябинская область;Министерство просвещения Российской Федерации
1687;Agricultural;Sectoral;Южно-Уральский государственный аграрный университет;Уральский федеральный округ;Челябинская область;Министерство сельского хозяйства Российской Федерации
1591;Medical;Sectoral;Южно-Уральский государственный медицинский университет Министерства здравоохранения Российской Федерации;Уральский федеральный округ;Челябинская область;Министерство здравоохранения Российской Федерации
140143426;Agricultural;Sectoral;Институт агроинженерии федерального государственного бюджетного образовательного учреждения высшего образования Южно-Уральский государственный аграрный университет;Уральский федеральный округ;Челябинская область;Министерство сельского хозяйства Российской Федерации
1682;Agricultural;Sectoral;Алтайский государственный аграрный университет;Сибирский федеральный округ;Алтайский край;Министерство сельского хозяйства Российской Федерации
19;Pedagogical;Sectoral;Алтайский государственный гуманитарно-педагогический университет имени В.М. Шукшина;Сибирский федеральный округ;Алтайский край;Министерство просвещения Российской Федерации
1688;Arts;Sectoral;Алтайский государственный институт культуры;Сибирский федеральный округ;Алтайский край;Министерство культуры Российской Федерации
1612;Medical;Sectoral;Алтайский государственный медицинский университет Министерства здравоохранения Российской Федерации;Сибирский федеральный округ;Алтайский край;Министерство здравоохранения Российской Федерации
2;Pedagogical;Sectoral;Алтайский государственный педагогический университет;Сибирский федеральный округ;Алтайский край;Министерство просвещения Российской Федерации
3;Technical;Sectoral;Алтайский государственный технический университет им. И.И. Ползунова;Сибирский федеральный округ;Алтайский край;Министерство науки и высшего образования Российской Федерации
4;;Federal and Flagship;Алтайский государственный университет;Сибирский федеральный округ;Алтайский край;Министерство науки и высшего образования Российской Федерации
7;Technical;Sectoral;Ангарский государственный технический университет;Сибирский федеральный округ;Иркутская область;Министерство науки и высшего образования Российской Федерации
83;;Calssic;Иркутский государственный университет;Сибирский федеральный округ;Иркутская область;Министерство науки и высшего образования Российской Федерации
12;;Calssic;Байкальский государственный университет;Сибирский федеральный округ;Иркутская область;Министерство науки и высшего образования Российской Федерации
23;;Calssic;Братский государственный университет;Сибирский федеральный округ;Иркутская область;Министерство науки и высшего образования Российской Федерации
1690;Agricultural;Sectoral;Иркутский государственный аграрный университет имени А.А. Ежевского;Сибирский федеральный округ;Иркутская область;Министерство сельского хозяйства Российской Федерации
1596;Medical;Sectoral;Иркутский государственный медицинский университет Министерства здравоохранения Российской Федерации;Сибирский федеральный округ;Иркутская область;Министерство здравоохранения Российской Федерации
1757;Trasport;Sectoral;Иркутский государственный университет путей сообщения;Сибирский федеральный округ;Иркутская область;Федеральное агентство железнодорожного транспорта
82;;National Research;Иркутский национальный исследовательский технический университет;Сибирский федеральный округ;Иркутская область;Министерство науки и высшего образования Российской Федерации
1673;Arts;Sectoral;Кемеровский государственный институт культуры;Сибирский федеральный округ;Кемеровская область;Министерство культуры Российской Федерации
1608;Medical;Sectoral;Кемеровский государственный медицинский университет Министерства здравоохранения Российской Федерации;Сибирский федеральный округ;Кемеровская область;Министерство здравоохранения Российской Федерации
272;Technical;Sectoral;Сибирский государственный индустриальный университет;Сибирский федеральный округ;Кемеровская область;Министерство науки и высшего образования Российской Федерации
99;;Federal and Flagship;Кемеровский государственный университет;Сибирский федеральный округ;Кемеровская область;Министерство науки и высшего образования Российской Федерации
1666;Agricultural;Sectoral;Кузбасская государственная сельскохозяйственная академия;Сибирский федеральный округ;Кемеровская область;Министерство сельского хозяйства Российской Федерации
111;Technical;Sectoral;Кузбасский государственный технический университет имени Т.Ф. Горбачева;Сибирский федеральный округ;Кемеровская область;Министерство науки и высшего образования Российской Федерации
10000305;Pedagogical;Sectoral;Кузбасский гуманитарно-педагогический институт федерального государственного бюджетного образовательного учреждения высшего образования Кемеровский государственный университет (КГПИ ФГБОУ ВО КемГУ);Сибирский федеральный округ;Кемеровская область;Министерство науки и высшего образования Российской Федерации
1507;;Federal and Flagship;Сибирский федеральный университет;Сибирский федеральный округ;Красноярский край;Министерство науки и высшего образования Российской Федерации
106;Pedagogical;Sectoral;Красноярский государственный педагогический университет им. В.П. Астафьева;Сибирский федеральный округ;Красноярский край;Министерство просвещения Российской Федерации
1641;Agricultural;Sectoral;Красноярский государственный аграрный университет;Сибирский федеральный округ;Красноярский край;Министерство сельского хозяйства Российской Федерации
1589;Medical;Sectoral;Красноярский государственный медицинский университет имени профессора В.Ф. Войно-Ясенецкого Министерства здравоохранения Российской Федерации;Сибирский федеральный округ;Красноярский край;Министерство здравоохранения Российской Федерации
1780;Arts;Sectoral;Сибирский государственный институт искусств имени Дмитрия Хворостовского;Сибирский федеральный округ;Красноярский край;Министерство культуры Российской Федерации
271;;Federal and Flagship;Сибирский государственный университет науки и технологий имени академика М.Ф. Решетнева;Сибирский федеральный округ;Красноярский край;Министерство науки и высшего образования Российской Федерации
180;;Calssic;федеральное государственное образовательное учреждение высшего образования Заполярный государственный университет им. Н.М. Федоровского;Сибирский федеральный округ;Красноярский край;Министерство науки и высшего образования Российской Федерации
110351;Arts;Sectoral;Новосибирской области Новосибирский государственный театральный институт;Сибирский федеральный округ;Новосибирская область;Муниципалитеты и субъекты РФ
178;;National Research;Новосибирский национальный исследовательский государственный университет;Сибирский федеральный округ;Новосибирская область;Министерство науки и высшего образования Российской Федерации
175;Architectural;Sectoral;Новосибирский государственный архитектурно-строительный университет (Сибстрин);Сибирский федеральный округ;Новосибирская область;Министерство науки и высшего образования Российской Федерации
176;Pedagogical;Sectoral;Новосибирский государственный педагогический университет;Сибирский федеральный округ;Новосибирская область;Министерство просвещения Российской Федерации
174;Architectural;Sectoral;Новосибирский государственный университет архитектуры, дизайна и искусств имени А.Д. Крячкова;Сибирский федеральный округ;Новосибирская область;Министерство науки и высшего образования Российской Федерации
1649;Agricultural;Sectoral;Новосибирский государственный аграрный университет;Сибирский федеральный округ;Новосибирская область;Министерство науки и высшего образования Российской Федерации
1619;Medical;Sectoral;Новосибирский государственный медицинский университет Министерства здравоохранения Российской Федерации;Сибирский федеральный округ;Новосибирская область;Министерство здравоохранения Российской Федерации
177;;Federal and Flagship;Новосибирский государственный технический университет;Сибирский федеральный округ;Новосибирская область;Министерство науки и высшего образования Российской Федерации
179;Social Sciences and Humanities;Sectoral;Новосибирский государственный университет экономики и управления НИНХ;Сибирский федеральный округ;Новосибирская область;Министерство науки и высшего образования Российской Федерации
1763;Trasport;Sectoral;Сибирский государственный университет водного транспорта;Сибирский федеральный округ;Новосибирская область;Федеральное агентство морского и речного транспорта
270;Technical;Sectoral;Сибирский государственный университет геосистем и технологий;Сибирский федеральный округ;Новосибирская область;Министерство науки и высшего образования Российской Федерации
1715;Trasport;Sectoral;Сибирский государственный университет путей сообщения;Сибирский федеральный округ;Новосибирская область;Федеральное агентство железнодорожного транспорта
1719;Technical;Sectoral;Сибирский государственный университет телекоммуникаций и информатики;Сибирский федеральный округ;Новосибирская область;Федеральное агентство связи
183;;Federal and Flagship;Омский государственный технический университет;Сибирский федеральный округ;Омская область;Министерство науки и высшего образования Российской Федерации
184;;Calssic;Омский государственный университет им. Ф.М. Достоевского;Сибирский федеральный округ;Омская область;Министерство науки и высшего образования Российской Федерации
269;Trasport;Sectoral;Сибирский государственный автомобильно-дорожный университет (СибАДИ);Сибирский федеральный округ;Омская область;Министерство науки и высшего образования Российской Федерации
1638;Agricultural;Sectoral;Омский государственный аграрный университет имени П.А.Столыпина;Сибирский федеральный округ;Омская область;Министерство сельского хозяйства Российской Федерации
1576;Medical;Sectoral;Омский государственный медицинский университет Министерства здравоохранения Российской Федерации;Сибирский федеральный округ;Омская область;Министерство здравоохранения Российской Федерации
182;Pedagogical;Sectoral;Омский государственный педагогический университет;Сибирский федеральный округ;Омская область;Министерство просвещения Российской Федерации
1599;Trasport;Sectoral;Омский государственный университет путей сообщения;Сибирский федеральный округ;Омская область;Федеральное агентство железнодорожного транспорта
1761;Sport;Sectoral;Сибирский государственный университет физической культуры и спорта;Сибирский федеральный округ;Омская область;Министерство спорта Российской Федерации
53;;Calssic;Горно-Алтайский государственный университет;Сибирский федеральный округ;Республика Алтай;Министерство науки и высшего образования Российской Федерации
299;;Calssic;Тувинский государственный университет;Сибирский федеральный округ;Республика Тыва;Министерство науки и высшего образования Российской Федерации
322;;Calssic;Хакасский государственный университет им. Н.Ф. Катанова;Сибирский федеральный округ;Республика Хакасия;Министерство науки и высшего образования Российской Федерации
294;;National Research;Национальный исследовательский Томский государственный университет;Сибирский федеральный округ;Томская область;Министерство науки и высшего образования Российской Федерации
296;;National Research;Национальный исследовательский Томский политехнический университет;Сибирский федеральный округ;Томская область;Министерство науки и высшего образования Российской Федерации
293;Pedagogical;Sectoral;Томский государственный педагогический университет;Сибирский федеральный округ;Томская область;Министерство просвещения Российской Федерации
295;Technical;Sectoral;Томский государственный университет систем управления и радиоэлектроники;Сибирский федеральный округ;Томская область;Министерство науки и высшего образования Российской Федерации
1618;Medical;Sectoral;Сибирский государственный медицинский университет Министерства здравоохранения Российской Федерации;Сибирский федеральный округ;Томская область;Министерство здравоохранения Российской Федерации
292;Architectural;Sectoral;Томский государственный архитектурно-строительный университет;Сибирский федеральный округ;Томская область;Министерство науки и высшего образования Российской Федерации
21;Pedagogical;Sectoral;Благовещенский государственный педагогический университет;Дальневосточный федеральный округ;Амурская область;Министерство просвещения Российской Федерации
1751;Agricultural;Sectoral;Дальневосточный государственный аграрный университет;Дальневосточный федеральный округ;Амурская область;Министерство сельского хозяйства Российской Федерации
1578;Medical;Sectoral;Амурская государственная медицинская академия Министерства здравоохранения Российской Федерации;Дальневосточный федеральный округ;Амурская область;Министерство здравоохранения Российской Федерации
5;;Calssic;Амурский государственный университет;Дальневосточный федеральный округ;Амурская область;Министерство науки и высшего образования Российской Федерации
66;;Calssic;Приамурский государственный университет имени Шолом-Алейхема;Дальневосточный федеральный округ;Еврейская автономная область;Министерство науки и высшего образования Российской Федерации
328;;Calssic;Забайкальский государственный университет;Дальневосточный федеральный округ;Забайкальский край;Министерство науки и высшего образования Российской Федерации
1622;Medical;Sectoral;Читинская государственная медицинская академия Министерства здравоохранения Российской Федерации;Дальневосточный федеральный округ;Забайкальский край;Министерство здравоохранения Российской Федерации
1750;Technical;Sectoral;Камчатский государственный технический университет;Дальневосточный федеральный округ;Камчатский край;Федеральное агентство по рыболовству
95;;Calssic;Камчатский государственный университет имени Витуса Беринга;Дальневосточный федеральный округ;Камчатский край;Министерство науки и высшего образования Российской Федерации
261;;Calssic;Северо-Восточный государственный университет;Дальневосточный федеральный округ;Магаданская область;Министерство науки и высшего образования Российской Федерации
1520;;Federal and Flagship;Дальневосточный федеральный университет;Дальневосточный федеральный округ;Приморский край;Министерство науки и высшего образования Российской Федерации
28;;Calssic;Владивостокский государственный университет;Дальневосточный федеральный округ;Приморский край;Министерство науки и высшего образования Российской Федерации
1695;Agricultural;Sectoral;Приморская государственная сельскохозяйственная академия;Дальневосточный федеральный округ;Приморский край;Министерство науки и высшего образования Российской Федерации
1800;Arts;Sectoral;Дальневосточный государственный институт искусств;Дальневосточный федеральный округ;Приморский край;Министерство культуры Российской Федерации
1756;Technical;Sectoral;Дальневосточный государственный технический рыбохозяйственный университет;Дальневосточный федеральный округ;Приморский край;Федеральное агентство по рыболовству
1709;Trasport;Sectoral;Морской государственный университет имени адмирала Г.И. Невельского;Дальневосточный федеральный округ;Приморский край;Федеральное агентство морского и речного транспорта
1560;Medical;Sectoral;Тихоокеанский государственный медицинский университет Министерства здравоохранения Российской Федерации;Дальневосточный федеральный округ;Приморский край;Министерство здравоохранения Российской Федерации
1686;Agricultural;Sectoral;Бурятская государственная сельскохозяйственная академия имени В.Р. Филиппова;Дальневосточный федеральный округ;Республика Бурятия;Министерство сельского хозяйства Российской Федерации
27;;Calssic;Бурятский государственный университет имени Доржи Банзарова;Дальневосточный федеральный округ;Республика Бурятия;Министерство науки и высшего образования Российской Федерации
1737;Arts;Sectoral;Восточно-Сибирский государственный институт культуры;Дальневосточный федеральный округ;Республика Бурятия;Министерство культуры Российской Федерации
46;Technical;Sectoral;Восточно-Сибирский государственный университет технологий и управления;Дальневосточный федеральный округ;Республика Бурятия;Министерство науки и высшего образования Российской Федерации
110173;Arts;Sectoral;Высшая школа музыки Республики Саха (Якутия) (институт) имени В. А. Босикова;Дальневосточный федеральный округ;Республика Саха (Якутия);Муниципалитеты и субъекты РФ
1527;;Federal and Flagship;Северо-Восточный федеральный университет имени М.К. Аммосова;Дальневосточный федеральный округ;Республика Саха (Якутия);Министерство науки и высшего образования Российской Федерации
1795;Sport;Sectoral;Чурапчинский государственный институт физической культуры и спорта;Дальневосточный федеральный округ;Республика Саха (Якутия);Министерство спорта Российской Федерации
1742;Agricultural;Sectoral;Арктический государственный агротехнологический университет;Дальневосточный федеральный округ;Республика Саха (Якутия);Министерство сельского хозяйства Российской Федерации
1693;Arts;Sectoral;Арктический государственный институт культуры и искусств;Дальневосточный федеральный округ;Республика Саха (Якутия);Министерство науки и высшего образования Российской Федерации
260;;Calssic;Сахалинский государственный университет;Дальневосточный федеральный округ;Сахалинская область;Министерство науки и высшего образования Российской Федерации
6;Pedagogical;Sectoral;Амурский гуманитарно-педагогический государственный университет;Дальневосточный федеральный округ;Хабаровский край;Министерство просвещения Российской Федерации
1779;Sport;Sectoral;Дальневосточная государственная академия физической культуры;Дальневосточный федеральный округ;Хабаровский край;Министерство спорта Российской Федерации
1626;Medical;Sectoral;Дальневосточный государственный медицинский университет Министерства здравоохранения Российской Федерации;Дальневосточный федеральный округ;Хабаровский край;Министерство здравоохранения Российской Федерации
1691;Trasport;Sectoral;Дальневосточный государственный университет путей сообщения;Дальневосточный федеральный округ;Хабаровский край;Федеральное агентство железнодорожного транспорта
103;;Calssic;Комсомольский-на-Амуре государственный университет;Дальневосточный федеральный округ;Хабаровский край;Министерство науки и высшего образования Российской Федерации
288;;Calssic;Тихоокеанский государственный университет;Дальневосточный федеральный округ;Хабаровский край;Министерство науки и высшего образования Российской Федерации
1704;Arts;Sectoral;Хабаровский государственный институт культуры;Дальневосточный федеральный округ;Хабаровский край;Министерство культуры Российской Федерации
